Designator,Footprint,Quantity,Value,LCSC Part #
"C10, C11, C16, C17, C7, C9",C_Disc_D7.0mm_W2.5mm_P5.00mm,6,100nF,
C12,C_Disc_D7.0mm_W2.5mm_P5.00mm,1,10n,
"C13, C14",C_Disc_D7.0mm_W2.5mm_P5.00mm,2,100n,
C15,C_Disc_D7.0mm_W2.5mm_P5.00mm,1,3n3,
C18,C_Rect_L7_W3.5_P5,1,100nF,
C19,CP_Radial_D5.0mm_P2.50mm,1,100uF,
C2,C_Disc_D7.0mm_W2.5mm_P5.00mm,1,10nF,
"C3, C6, C8",CP_Radial_D6.3mm_P2.50mm,3,47uF,
"C4, C5",CP_Radial_D6.3mm_P2.50mm,2,10uF,
D1,LED-5MM,1,LED,
J1,Jack_6.35mm_Neutrik_NMJ6HCD2_Horizontal,1,IN,
"J2, J3",PinHeader_1x02_P2.54mm_Vertical,2,V+ GND,
J4,Jack_6.35mm_Neutrik_NMJ6HCD2_Horizontal,1,OUT,
"JOVGI1, JOVGI2",Pin_Header_Straight_1x04_Pitch2.54mm,2,OVGI,
N1,1590B,1,Housing,
Q1,TO-92S_Wide,1,2N3904,
R1,R_Axial_DIN0204_L3.6mm_D1.6mm_P7.62mm_Horizontal,1,100k,
R10,R_Axial_DIN0204_L3.6mm_D1.6mm_P7.62mm_Horizontal,1,100R,
R11,R_Axial_DIN0204_L3.6mm_D1.6mm_P7.62mm_Horizontal,1,470k,
R12,R_Axial_DIN0204_L3.6mm_D1.6mm_P7.62mm_Horizontal,1,2k2,
R13,R_Axial_DIN0204_L3.6mm_D1.6mm_P7.62mm_Horizontal,1,330k,
R14,R_Axial_DIN0204_L3.6mm_D1.6mm_P7.62mm_Horizontal,1,33k,
R15,R_Axial_DIN0204_L3.6mm_D1.6mm_P7.62mm_Horizontal,1,1M,
"R16, R17, R18, R19, R20, R21, R22, R23, R8, R9",R_Axial_DIN0204_L3.6mm_D1.6mm_P7.62mm_Horizontal,10,10k,
R2,R_Axial_DIN0204_L3.6mm_D1.6mm_P7.62mm_Horizontal,1,47k,
R25,Resistor_Horizontal_RM7mm,1,1M,
R26,Resistor_Horizontal_RM7mm,1,1K,
R27,Resistor_Horizontal_RM7mm,1,100K,
"R3, R4",R_Axial_DIN0204_L3.6mm_D1.6mm_P7.62mm_Horizontal,2,220K,
R5,R_Axial_DIN0204_L3.6mm_D1.6mm_P7.62mm_Horizontal,1,4k7,
R7,R_Axial_DIN0204_L3.6mm_D1.6mm_P7.62mm_Horizontal,1,68K,
RV1,Potentiometer_Alpha_RD901F-40-00D_Single_Vertical,1,470K lin,
RV2,Potentiometer_Alpha_RD901F-40-00D_Single_Vertical,1,100k lin,
SW1,3PDT-Footswitch,1,SW_3PDT,
U1,DIP-8_W7.62mm,1,NE5532,
U2,TO-92S_Wide,1,L78L05_TO92,
U3,DIP-16_W7.62mm,1,PT2399,
