﻿Designator,Footprint,Quantity,Value,LCSC Part #
BASS1,Potentiometer_Alpha_RD901F-40-00D_Single_Vertical_copy,1,A1M,
"C1, C10, C20, C7",CP_Elec_4x5.4,4,1u,
"C100, C102",CP_Elec_8x10.5,2,100u,
C101,CP_Elec_6.3x5.8,1,10u,
"C103, C104, C18, C2",0805,4,100n,
"C11, C3, C8",0805,3,100p,
"C12, C4, C6",0805,3,1n,
C13,0805,1,470p,
"C14, C15, C16, C17, C19, C21, C9",0805,7,22n,
C5,0805,1,2n2,
"CLR1, R20, R26",0805,3,1K,
D1,LED-5MM,1,LED,
D2,D_SOD-123,1,1N5817,
"D3, D4",SOT-23,2,BZX84Cxx,
DEEP1,SW_Toggle_Blue_wSlots,1,~,
GAIN1,Potentiometer_Alpha_RD901F-40-00D_Single_Vertical_copy,1,A500K,
"J2, J3",Jack_6.35mm_Neutrik_NMJ6HCD2_Horizontal,2,NMJ6HCD2,
J4,PinHeader_1x02_P2.54mm_Vertical,1,V+ GND,
"JOVGI1, JOVGI2",Pin_Header_Straight_1x04_Pitch2.54mm,2,OVGI,
"MID1, VOL1",Potentiometer_Alpha_RD901F-40-00D_Single_Vertical_copy,2,B25K,
N1,1590B,1,Housing,
PRES1,Potentiometer_Alpha_RD901F-40-00D_Single_Vertical_copy,1,C25K,
R1,0805,1,3M3,
"R10, R17, R4",0805,3,1M,
R11,0805,1,330K,
R12,0805,1,220K,
"R13, R16, R22, R25, R5",0805,5,10K,
"R14, R7",0805,2,470K,
R15,0805,1,47K,
R18,0805,1,333K,
R19,0805,1,220R,
R2,0805,1,68K,
"R21, R8",0805,2,4K7,
R23,0805,1,33K,
"R24, R6",0805,2,22K,
R3,0805,1,8M2,
R9,0805,1,6k8,
SW1,3PDT-Footswitch,1,SW_3PDT,
TREBLE1,Potentiometer_Alpha_RD901F-40-00D_Single_Vertical_copy,1,B250K,
"U1, U2, U3",SOIC-8_3.9x4.9mm_P1.27mm,3,TL072,
U4,SOIC-8_3.9x4.9mm_P1.27mm,1,MAX1044,
